,Diversity Index,Year
Diversity Index 2013,0.6797858251106983,2013
Diversity Index 2019,0.6896429008325274,2019
